name,slug,id,created_at,school_id
6è A,6A,e70b56e4-3115-4898-8e8d-236c0c5e5f86,2026-09-28 22:41:47.514307+00,7ee660f8-04d9-4390-8703-4d2f5e56bffd
6è B,6B,39d4c182-823c-4af2-af40-6b4606efeece,2026-09-28 22:56:57.536932+00,7ee660f8-04d9-4390-8703-4d2f5e56bffd
5è A,5A,e3d13f36-bd71-4331-a639-466801f7abb5,2026-09-28 23:13:52.091356+00,7ee660f8-04d9-4390-8703-4d2f5e56bffd
5è B,5B,c12b5b2d-8b8b-4274-9fbd-8d38d7bca536,2026-09-28 23:14:03.502964+00,7ee660f8-04d9-4390-8703-4d2f5e56bffd
4è A,4A,3778ae72-a8dc-4f7e-912e-50c1b49d0c97,2026-09-29 09:39:55.7487+00,7ee660f8-04d9-4390-8703-4d2f5e56bffd
4è B,4B,ba5f3949-1ae7-438a-accd-ba6081488e49,2026-09-29 09:40:07.572882+00,7ee660f8-04d9-4390-8703-4d2f5e56bffd
3è A,3A,18f98f31-a476-4844-8c98-fd5458b9713f,2026-09-29 09:40:27.059371+00,7ee660f8-04d9-4390-8703-4d2f5e56bffd
3è B,3B,174c812e-2a3f-46ef-94d2-3c56c0cfa1e8,2026-09-29 09:40:38.584969+00,7ee660f8-04d9-4390-8703-4d2f5e56bffd
6è B,6B,89bcf47f-c492-4d35-976d-7a5035097b7a,2026-09-29 10:46:06.301997+00,d959989f-1940-4579-998a-c6408abd79e7
6è A,6A,2ca38955-1375-4f48-9d0f-5776d5f35aaa,2026-09-29 11:48:17.652564+00,d959989f-1940-4579-998a-c6408abd79e7
